MCC=1.0;p_E;p_G;p_L
r_E;244.0;0.0;0.0;
r_G;0.0;456.0;0.0;
r_L;0.0;0.0;224.0;
FILENAME	PREDICTED_LABEL	E	G	L	REAL_LABEL
datasets/so2_t/early/so2t_e_s_198.jpg;Early;1.0;0.0;0.0;Early
datasets/so2_t/early/so2t_e_s_027.jpg;Early;1.0;0.0;0.0;Early
datasets/so2_t/early/so2t_e_s_055.jpg;Early;1.0;0.0;0.0;Early
datasets/so2_t/early/so2t_e_s_108.jpg;Early;1.0;0.0;0.0;Early
datasets/so2_t/early/so2t_e_s_101.jpg;Early;1.0;0.0;0.0;Early
datasets/so2_t/early/IMG_20160628_164902.jpg;Early;1.0;0.0;0.0;Early
datasets/so2_t/early/so2t_e_s_035.jpg;Early;1.0;0.0;0.0;Early
datasets/so2_t/early/so2t_e_s_129.jpg;Early;1.0;0.001;0.0;Early
datasets/so2_t/early/so2t_e_s_212.jpg;Early;1.0;0.0;0.0;Early
datasets/so2_t/early/so2t_e_s_073.jpg;Early;1.0;0.0;0.0;Early
datasets/so2_t/early/so2t_e_s_197.jpg;Early;0.999;0.0;0.0;Early
datasets/so2_t/early/so2t_e_s_185.jpg;Early;1.0;0.0;0.0;Early
datasets/so2_t/early/so2t_e_s_133.jpg;Early;1.0;0.0;0.0;Early
datasets/so2_t/early/so2t_e_b_004.jpg;Early;1.0;0.0;0.0;Early
datasets/so2_t/early/so2t_e_s_082.jpg;Early;1.0;0.0;0.0;Early
datasets/so2_t/early/so2t_e_s_005.jpg;Early;1.0;0.0;0.0;Early
datasets/so2_t/early/so2t_e_s_079.jpg;Early;1.0;0.0;0.001;Early
datasets/so2_t/early/so2t_e_s_043.jpg;Early;1.0;0.0;0.0;Early
datasets/so2_t/early/so2t_e_s_024.jpg;Early;1.0;0.0;0.0;Early
datasets/so2_t/early/so2t_e_s_125.jpg;Early;1.0;0.0;0.0;Early
datasets/so2_t/early/so2t_e_s_034.jpg;Early;1.0;0.0;0.0;Early
datasets/so2_t/early/so2t_e_s_056.jpg;Early;0.999;0.001;0.0;Early
datasets/so2_t/early/so2t_e_s_131.jpg;Early;1.0;0.0;0.0;Early
datasets/so2_t/early/so2t_e_s_201.jpg;Early;0.999;0.002;0.0;Early
datasets/so2_t/early/IMG_20160628_164731.jpg;Early;1.0;0.0;0.0;Early
datasets/so2_t/early/so2t_e_s_216.jpg;Early;0.999;0.001;0.0;Early
datasets/so2_t/early/so2t_e_s_078.jpg;Early;1.0;0.0;0.0;Early
datasets/so2_t/early/so2t_e_s_063.jpg;Early;0.999;0.001;0.0;Early
datasets/so2_t/early/so2t_e_s_136.jpg;Early;0.999;0.001;0.0;Early
datasets/so2_t/early/so2t_e_s_170.jpg;Early;1.0;0.0;0.0;Early
datasets/so2_t/early/so2t_e_b_005.jpg;Early;1.0;0.0;0.0;Early
datasets/so2_t/early/so2t_e_s_054.jpg;Early;1.0;0.0;0.0;Early
datasets/so2_t/early/so2t_e_s_074.jpg;Early;0.999;0.001;0.0;Early
datasets/so2_t/early/so2t_e_s_121.jpg;Early;1.0;0.0;0.0;Early
datasets/so2_t/early/so2t_e_s_100.jpg;Early;1.0;0.0;0.0;Early
datasets/so2_t/early/IMG_20160628_160552.jpg;Early;1.0;0.0;0.0;Early
datasets/so2_t/early/IMG_20160628_155102.jpg;Early;1.0;0.0;0.0;Early
datasets/so2_t/early/so2t_e_s_120.jpg;Early;1.0;0.0;0.0;Early
datasets/so2_t/early/so2t_e_s_097.jpg;Early;1.0;0.0;0.0;Early
datasets/so2_t/early/so2t_e_s_122.jpg;Early;1.0;0.0;0.001;Early
datasets/so2_t/early/so2t_e_s_095.jpg;Early;1.0;0.0;0.0;Early
datasets/so2_t/early/so2t_e_s_167.jpg;Early;1.0;0.0;0.0;Early
datasets/so2_t/early/so2t_e_s_116.jpg;Early;1.0;0.0;0.0;Early
datasets/so2_t/early/so2t_e_s_003.jpg;Early;1.0;0.0;0.0;Early
datasets/so2_t/early/so2t_e_s_179.jpg;Early;0.999;0.0;0.0;Early
datasets/so2_t/early/so2t_e_s_183.jpg;Early;0.996;0.001;0.003;Early
datasets/so2_t/early/so2t_e_s_076.jpg;Early;1.0;0.001;0.0;Early
datasets/so2_t/early/so2t_e_b_013.jpg;Early;1.0;0.0;0.0;Early
datasets/so2_t/early/so2t_e_s_163.jpg;Early;1.0;0.0;0.0;Early
datasets/so2_t/early/so2t_e_s_009.jpg;Early;1.0;0.0;0.0;Early
datasets/so2_t/early/so2t_e_s_072.jpg;Early;1.0;0.0;0.0;Early
datasets/so2_t/early/so2t_e_s_017.jpg;Early;1.0;0.0;0.0;Early
datasets/so2_t/early/so2t_e_s_040.jpg;Early;1.0;0.0;0.0;Early
datasets/so2_t/early/so2t_e_b_002.jpg;Early;1.0;0.0;0.0;Early
datasets/so2_t/early/so2t_e_s_138.jpg;Early;0.995;0.007;0.0;Early
datasets/so2_t/early/so2t_e_s_174.jpg;Early;1.0;0.0;0.0;Early
datasets/so2_t/early/so2t_e_b_012.jpg;Early;1.0;0.0;0.0;Early
datasets/so2_t/early/so2t_e_s_047.jpg;Early;1.0;0.0;0.0;Early
datasets/so2_t/early/so2t_e_s_127.jpg;Early;1.0;0.001;0.0;Early
datasets/so2_t/early/so2t_e_s_022.jpg;Early;0.999;0.003;0.0;Early
datasets/so2_t/early/so2t_e_b_010.jpg;Early;1.0;0.0;0.0;Early
datasets/so2_t/early/so2t_e_s_160.jpg;Early;0.999;0.0;0.0;Early
datasets/so2_t/early/so2t_e_s_039.jpg;Early;1.0;0.0;0.0;Early
datasets/so2_t/early/IMG_20160628_163415.jpg;Early;1.0;0.0;0.0;Early
datasets/so2_t/early/so2t_e_s_204.jpg;Early;0.999;0.0;0.001;Early
datasets/so2_t/early/so2t_e_s_048.jpg;Early;0.999;0.002;0.0;Early
datasets/so2_t/early/so2t_e_s_014.jpg;Early;1.0;0.0;0.0;Early
datasets/so2_t/early/so2t_e_s_106.jpg;Early;1.0;0.0;0.0;Early
datasets/so2_t/early/so2t_e_s_176.jpg;Early;1.0;0.0;0.0;Early
datasets/so2_t/early/so2t_e_s_186.jpg;Early;0.999;0.001;0.0;Early
datasets/so2_t/early/so2t_e_s_007.jpg;Early;1.0;0.0;0.0;Early
datasets/so2_t/early/so2t_e_s_006.jpg;Early;0.999;0.002;0.0;Early
datasets/so2_t/early/so2t_e_s_044.jpg;Early;0.999;0.0;0.001;Early
datasets/so2_t/early/so2t_e_s_139.jpg;Early;0.999;0.001;0.0;Early
datasets/so2_t/early/so2t_e_s_146.jpg;Early;1.0;0.0;0.0;Early
datasets/so2_t/early/so2t_e_s_220.jpg;Early;0.998;0.004;0.001;Early
datasets/so2_t/early/so2t_e_s_156.jpg;Early;1.0;0.0;0.0;Early
datasets/so2_t/early/so2t_e_s_208.jpg;Early;0.999;0.0;0.001;Early
datasets/so2_t/early/so2t_e_s_083.jpg;Early;1.0;0.0;0.0;Early
datasets/so2_t/early/so2t_e_s_214.jpg;Early;1.0;0.0;0.0;Early
datasets/so2_t/early/so2t_e_s_062.jpg;Early;1.0;0.0;0.0;Early
datasets/so2_t/early/so2t_e_s_150.jpg;Early;1.0;0.0;0.0;Early
datasets/so2_t/early/so2t_e_s_177.jpg;Early;1.0;0.0;0.0;Early
datasets/so2_t/early/so2t_e_s_117.jpg;Early;1.0;0.0;0.0;Early
datasets/so2_t/early/so2t_e_s_192.jpg;Early;1.0;0.0;0.002;Early
datasets/so2_t/early/so2t_e_s_159.jpg;Early;1.0;0.0;0.0;Early
datasets/so2_t/early/so2t_e_s_142.jpg;Early;1.0;0.0;0.0;Early
datasets/so2_t/early/so2t_e_s_205.jpg;Early;1.0;0.0;0.0;Early
datasets/so2_t/early/so2t_e_s_161.jpg;Early;1.0;0.0;0.0;Early
datasets/so2_t/early/so2t_e_s_162.jpg;Early;1.0;0.0;0.0;Early
datasets/so2_t/early/so2t_e_s_164.jpg;Early;1.0;0.0;0.0;Early
datasets/so2_t/early/so2t_e_s_151.jpg;Early;1.0;0.0;0.0;Early
datasets/so2_t/early/so2t_e_s_066.jpg;Early;0.998;0.0;0.0;Early
datasets/so2_t/early/so2t_e_s_130.jpg;Early;1.0;0.0;0.0;Early
datasets/so2_t/early/so2t_e_s_149.jpg;Early;0.994;0.005;0.0;Early
datasets/so2_t/early/so2t_e_b_009.jpg;Early;1.0;0.0;0.0;Early
datasets/so2_t/early/so2t_e_b_001.jpg;Early;1.0;0.0;0.0;Early
datasets/so2_t/early/so2t_e_s_145.jpg;Early;1.0;0.0;0.0;Early
datasets/so2_t/early/so2t_e_s_008.jpg;Early;1.0;0.0;0.0;Early
datasets/so2_t/early/so2t_e_s_180.jpg;Early;0.996;0.001;0.001;Early
datasets/so2_t/early/so2t_e_s_194.jpg;Early;0.999;0.002;0.001;Early
datasets/so2_t/early/so2t_e_s_026.jpg;Early;1.0;0.0;0.0;Early
datasets/so2_t/early/so2t_e_s_199.jpg;Early;1.0;0.001;0.0;Early
datasets/so2_t/early/so2t_e_s_166.jpg;Early;1.0;0.0;0.0;Early
datasets/so2_t/early/so2t_e_s_140.jpg;Early;1.0;0.0;0.0;Early
datasets/so2_t/early/so2t_e_s_203.jpg;Early;1.0;0.0;0.002;Early
datasets/so2_t/early/so2t_e_s_091.jpg;Early;1.0;0.0;0.0;Early
datasets/so2_t/early/so2t_e_s_207.jpg;Early;1.0;0.0;0.0;Early
datasets/so2_t/early/so2t_e_s_049.jpg;Early;1.0;0.0;0.0;Early
datasets/so2_t/early/so2t_e_s_195.jpg;Early;0.999;0.0;0.0;Early
datasets/so2_t/early/so2t_e_s_141.jpg;Early;1.0;0.0;0.0;Early
datasets/so2_t/early/so2t_e_s_190.jpg;Early;0.996;0.002;0.0;Early
datasets/so2_t/early/so2t_e_s_148.jpg;Early;0.999;0.001;0.001;Early
datasets/so2_t/early/so2t_e_s_015.jpg;Early;1.0;0.0;0.0;Early
datasets/so2_t/early/so2t_e_s_119.jpg;Early;1.0;0.0;0.0;Early
datasets/so2_t/early/so2t_e_s_060.jpg;Early;0.999;0.001;0.0;Early
datasets/so2_t/early/so2t_e_s_088.jpg;Early;1.0;0.0;0.0;Early
datasets/so2_t/early/so2t_e_s_213.jpg;Early;1.0;0.001;0.0;Early
datasets/so2_t/early/IMG_20160628_155106.jpg;Early;1.0;0.0;0.0;Early
datasets/so2_t/early/so2t_e_s_036.jpg;Early;1.0;0.0;0.0;Early
datasets/so2_t/early/so2t_e_s_196.jpg;Early;1.0;0.0;0.0;Early
datasets/so2_t/early/so2t_e_s_086.jpg;Early;1.0;0.0;0.0;Early
datasets/so2_t/early/so2t_e_s_023.jpg;Early;1.0;0.0;0.0;Early
datasets/so2_t/early/so2t_e_s_143.jpg;Early;0.999;0.001;0.0;Early
datasets/so2_t/early/so2t_e_s_050.jpg;Early;1.0;0.0;0.0;Early
datasets/so2_t/early/so2t_e_s_012.jpg;Early;1.0;0.0;0.0;Early
datasets/so2_t/early/so2t_e_s_171.jpg;Early;0.998;0.001;0.001;Early
datasets/so2_t/early/so2t_e_s_098.jpg;Early;1.0;0.0;0.0;Early
datasets/so2_t/early/so2t_e_s_018.jpg;Early;1.0;0.0;0.0;Early
datasets/so2_t/early/so2t_e_s_070.jpg;Early;0.999;0.0;0.0;Early
datasets/so2_t/early/so2t_e_s_137.jpg;Early;0.999;0.001;0.0;Early
datasets/so2_t/early/so2t_e_s_107.jpg;Early;1.0;0.0;0.0;Early
datasets/so2_t/early/so2t_e_s_002.jpg;Early;1.0;0.0;0.0;Early
datasets/so2_t/early/so2t_e_s_118.jpg;Early;1.0;0.0;0.0;Early
datasets/so2_t/early/so2t_e_s_202.jpg;Early;0.999;0.0;0.0;Early
datasets/so2_t/early/so2t_e_s_124.jpg;Early;1.0;0.0;0.0;Early
datasets/so2_t/early/so2t_e_s_181.jpg;Early;0.998;0.0;0.002;Early
datasets/so2_t/early/so2t_e_s_173.jpg;Early;1.0;0.0;0.0;Early
datasets/so2_t/early/so2t_e_s_219.jpg;Early;1.0;0.0;0.0;Early
datasets/so2_t/early/so2t_e_s_092.jpg;Early;1.0;0.0;0.0;Early
datasets/so2_t/early/so2t_e_s_031.jpg;Early;1.0;0.0;0.0;Early
datasets/so2_t/early/so2t_e_s_019.jpg;Early;1.0;0.0;0.0;Early
datasets/so2_t/early/so2t_e_s_001.jpg;Early;1.0;0.0;0.0;Early
datasets/so2_t/early/so2t_e_s_057.jpg;Early;0.999;0.001;0.0;Early
datasets/so2_t/early/so2t_e_s_094.jpg;Early;1.0;0.0;0.0;Early
datasets/so2_t/early/so2t_e_s_132.jpg;Early;0.999;0.0;0.0;Early
datasets/so2_t/early/so2t_e_s_099.jpg;Early;1.0;0.0;0.0;Early
datasets/so2_t/early/so2t_e_b_014.jpg;Early;1.0;0.0;0.0;Early
datasets/so2_t/early/so2t_e_b_015.jpg;Early;1.0;0.0;0.0;Early
datasets/so2_t/early/so2t_e_b_003.jpg;Early;1.0;0.0;0.0;Early
datasets/so2_t/early/so2t_e_s_021.jpg;Early;0.995;0.001;0.002;Early
datasets/so2_t/early/so2t_e_s_206.jpg;Early;0.999;0.001;0.0;Early
datasets/so2_t/early/so2t_e_s_209.jpg;Early;1.0;0.0;0.0;Early
datasets/so2_t/early/so2t_e_s_158.jpg;Early;1.0;0.0;0.0;Early
datasets/so2_t/early/so2t_e_s_200.jpg;Early;1.0;0.0;0.0;Early
datasets/so2_t/early/so2t_e_s_042.jpg;Early;1.0;0.0;0.0;Early
datasets/so2_t/early/so2t_e_s_087.jpg;Early;1.0;0.0;0.0;Early
datasets/so2_t/early/so2t_e_s_045.jpg;Early;1.0;0.0;0.0;Early
datasets/so2_t/early/so2t_e_s_147.jpg;Early;1.0;0.001;0.0;Early
datasets/so2_t/early/so2t_e_s_215.jpg;Early;1.0;0.0;0.0;Early
datasets/so2_t/early/so2t_e_s_096.jpg;Early;1.0;0.0;0.0;Early
datasets/so2_t/early/so2t_e_s_191.jpg;Early;1.0;0.0;0.0;Early
datasets/so2_t/early/so2t_e_s_102.jpg;Early;1.0;0.0;0.0;Early
datasets/so2_t/early/so2t_e_s_155.jpg;Early;1.0;0.0;0.0;Early
datasets/so2_t/early/so2t_e_s_053.jpg;Early;0.999;0.001;0.0;Early
datasets/so2_t/early/so2t_e_s_029.jpg;Early;1.0;0.0;0.0;Early
datasets/so2_t/early/so2t_e_s_184.jpg;Early;1.0;0.0;0.0;Early
datasets/so2_t/early/so2t_e_s_109.jpg;Early;1.0;0.0;0.0;Early
datasets/so2_t/early/so2t_e_s_193.jpg;Early;1.0;0.0;0.0;Early
datasets/so2_t/early/so2t_e_s_085.jpg;Early;1.0;0.0;0.0;Early
datasets/so2_t/early/so2t_e_s_080.jpg;Early;0.99;0.007;0.001;Early
datasets/so2_t/early/so2t_e_s_013.jpg;Early;1.0;0.0;0.0;Early
datasets/so2_t/early/so2t_e_s_069.jpg;Early;1.0;0.0;0.0;Early
datasets/so2_t/early/so2t_e_s_172.jpg;Early;1.0;0.001;0.0;Early
datasets/so2_t/early/so2t_e_s_058.jpg;Early;1.0;0.001;0.0;Early
datasets/so2_t/early/so2t_e_s_178.jpg;Early;0.999;0.0;0.0;Early
datasets/so2_t/early/so2t_e_s_134.jpg;Early;0.999;0.0;0.0;Early
datasets/so2_t/early/so2t_e_s_030.jpg;Early;1.0;0.0;0.0;Early
datasets/so2_t/early/so2t_e_s_189.jpg;Early;1.0;0.0;0.0;Early
datasets/so2_t/early/so2t_e_s_187.jpg;Early;1.0;0.0;0.0;Early
datasets/so2_t/early/so2t_e_s_020.jpg;Early;1.0;0.0;0.0;Early
datasets/so2_t/early/so2t_e_s_169.jpg;Early;1.0;0.0;0.0;Early
datasets/so2_t/early/so2t_e_s_154.jpg;Early;1.0;0.0;0.0;Early
datasets/so2_t/early/so2t_e_s_111.jpg;Early;1.0;0.0;0.0;Early
datasets/so2_t/early/IMG_20160628_160637.jpg;Early;1.0;0.0;0.0;Early
datasets/so2_t/early/IMG_20160628_163412.jpg;Early;1.0;0.0;0.0;Early
datasets/so2_t/early/so2t_e_s_051.jpg;Early;0.997;0.004;0.0;Early
datasets/so2_t/early/so2t_e_s_114.jpg;Early;1.0;0.0;0.0;Early
datasets/so2_t/early/so2t_e_s_105.jpg;Early;1.0;0.0;0.0;Early
datasets/so2_t/early/so2t_e_s_165.jpg;Early;1.0;0.0;0.0;Early
datasets/so2_t/early/so2t_e_s_175.jpg;Early;0.999;0.0;0.0;Early
datasets/so2_t/early/so2t_e_s_153.jpg;Early;1.0;0.0;0.0;Early
datasets/so2_t/early/so2t_e_s_211.jpg;Early;0.997;0.003;0.0;Early
datasets/so2_t/early/so2t_e_s_025.jpg;Early;1.0;0.0;0.0;Early
datasets/so2_t/early/so2t_e_s_182.jpg;Early;1.0;0.0;0.0;Early
datasets/so2_t/early/so2t_e_s_168.jpg;Early;1.0;0.0;0.0;Early
datasets/so2_t/early/so2t_e_s_084.jpg;Early;1.0;0.0;0.0;Early
datasets/so2_t/early/so2t_e_s_104.jpg;Early;1.0;0.0;0.0;Early
datasets/so2_t/early/so2t_e_s_067.jpg;Early;1.0;0.0;0.0;Early
datasets/so2_t/early/so2t_e_s_064.jpg;Early;1.0;0.001;0.0;Early
datasets/so2_t/early/so2t_e_s_010.jpg;Early;1.0;0.0;0.0;Early
datasets/so2_t/early/so2t_e_s_011.jpg;Early;1.0;0.0;0.0;Early
datasets/so2_t/early/so2t_e_b_0016.jpg;Early;1.0;0.0;0.0;Early
datasets/so2_t/early/so2t_e_s_046.jpg;Early;0.999;0.0;0.0;Early
datasets/so2_t/early/so2t_e_s_157.jpg;Early;1.0;0.0;0.0;Early
datasets/so2_t/early/so2t_e_s_032.jpg;Early;1.0;0.0;0.0;Early
datasets/so2_t/early/so2t_e_s_126.jpg;Early;0.999;0.001;0.001;Early
datasets/so2_t/early/so2t_e_b_008.jpg;Early;1.0;0.0;0.0;Early
datasets/so2_t/early/so2t_e_s_077.jpg;Early;1.0;0.0;0.0;Early
datasets/so2_t/early/so2t_e_s_093.jpg;Early;1.0;0.0;0.0;Early
datasets/so2_t/early/so2t_e_s_218.jpg;Early;1.0;0.0;0.0;Early
datasets/so2_t/early/so2t_e_s_103.jpg;Early;1.0;0.0;0.0;Early
datasets/so2_t/early/so2t_e_s_152.jpg;Early;1.0;0.0;0.0;Early
datasets/so2_t/early/so2t_e_s_188.jpg;Early;1.0;0.0;0.0;Early
datasets/so2_t/early/so2t_e_s_004.jpg;Early;1.0;0.0;0.0;Early
datasets/so2_t/early/so2t_e_s_112.jpg;Early;1.0;0.0;0.0;Early
datasets/so2_t/early/so2t_e_s_210.jpg;Early;0.996;0.002;0.0;Early
datasets/so2_t/early/so2t_e_s_081.jpg;Early;0.997;0.001;0.001;Early
datasets/so2_t/early/so2t_e_s_065.jpg;Early;0.998;0.0;0.0;Early
datasets/so2_t/early/so2t_e_b_011.jpg;Early;1.0;0.0;0.0;Early
datasets/so2_t/early/so2t_e_s_061.jpg;Early;0.999;0.0;0.0;Early
datasets/so2_t/early/so2t_e_s_110.jpg;Early;1.0;0.0;0.0;Early
datasets/so2_t/early/so2t_e_s_115.jpg;Early;1.0;0.0;0.0;Early
datasets/so2_t/early/so2t_e_b_006.jpg;Early;1.0;0.0;0.0;Early
datasets/so2_t/early/so2t_e_s_075.jpg;Early;0.997;0.001;0.0;Early
datasets/so2_t/early/so2t_e_s_135.jpg;Early;1.0;0.0;0.0;Early
datasets/so2_t/early/so2t_e_s_128.jpg;Early;1.0;0.0;0.0;Early
datasets/so2_t/early/so2t_e_s_090.jpg;Early;1.0;0.0;0.0;Early
datasets/so2_t/early/so2t_e_s_038.jpg;Early;1.0;0.0;0.0;Early
datasets/so2_t/early/so2t_e_s_033.jpg;Early;1.0;0.0;0.001;Early
datasets/so2_t/early/so2t_e_s_041.jpg;Early;1.0;0.0;0.0;Early
datasets/so2_t/early/so2t_e_s_059.jpg;Early;1.0;0.0;0.0;Early
datasets/so2_t/early/so2t_e_b_007.jpg;Early;1.0;0.0;0.0;Early
datasets/so2_t/early/so2t_e_s_144.jpg;Early;0.998;0.003;0.0;Early
datasets/so2_t/early/so2t_e_s_028.jpg;Early;0.999;0.0;0.0;Early
datasets/so2_t/early/so2t_e_s_123.jpg;Early;0.999;0.0;0.0;Early
datasets/so2_t/early/so2t_e_s_113.jpg;Early;1.0;0.0;0.0;Early
datasets/so2_t/early/so2t_e_s_016.jpg;Early;0.998;0.001;0.001;Early
datasets/so2_t/early/so2t_e_s_071.jpg;Early;1.0;0.0;0.0;Early
datasets/so2_t/early/so2t_e_s_068.jpg;Early;0.999;0.0;0.0;Early
datasets/so2_t/early/so2t_e_s_089.jpg;Early;1.0;0.0;0.0;Early
datasets/so2_t/early/so2t_e_s_037.jpg;Early;0.999;0.0;0.001;Early
datasets/so2_t/early/so2t_e_s_052.jpg;Early;1.0;0.0;0.0;Early
datasets/so2_t/early/so2t_e_s_217.jpg;Early;1.0;0.0;0.0;Early
datasets/so2_t/good/IMG_20160628_162024.jpg;Good;0.0;1.0;0.0;Good
datasets/so2_t/good/so2t_g_b_014.jpg;Good;0.0;1.0;0.0;Good
datasets/so2_t/good/so2t_g_s_256.jpg;Good;0.0;1.0;0.0;Good
datasets/so2_t/good/so2t_g_s_146.jpg;Good;0.0;1.0;0.0;Good
datasets/so2_t/good/so2t_g_s_143.jpg;Good;0.0;0.998;0.0;Good
datasets/so2_t/good/so2t_g_s_125.jpg;Good;0.0;0.999;0.0;Good
datasets/so2_t/good/so2t_g_s_389.jpg;Good;0.0;0.993;0.002;Good
datasets/so2_t/good/so2t_g_s_348.jpg;Good;0.0;1.0;0.0;Good
datasets/so2_t/good/so2t_g_s_067.jpg;Good;0.0;1.0;0.0;Good
datasets/so2_t/good/so2t_g_s_399.jpg;Good;0.001;0.997;0.0;Good
datasets/so2_t/good/so2t_g_b_015.jpg;Good;0.0;1.0;0.0;Good
datasets/so2_t/good/so2t_g_s_053.jpg;Good;0.0;1.0;0.0;Good
datasets/so2_t/good/so2t_g_s_363.jpg;Good;0.0;0.999;0.0;Good
datasets/so2_t/good/IMG_20160628_161155.jpg;Good;0.0;1.0;0.0;Good
datasets/so2_t/good/so2t_g_s_298.jpg;Good;0.002;0.992;0.002;Good
datasets/so2_t/good/so2t_g_s_297.jpg;Good;0.0;1.0;0.0;Good
datasets/so2_t/good/so2t_g_s_169.jpg;Good;0.001;0.993;0.002;Good
datasets/so2_t/good/so2t_g_s_109.jpg;Good;0.0;0.998;0.001;Good
datasets/so2_t/good/so2t_g_s_214.jpg;Good;0.0;1.0;0.0;Good
datasets/so2_t/good/so2t_g_s_082.jpg;Good;0.0;0.999;0.0;Good
datasets/so2_t/good/so2t_g_s_286.jpg;Good;0.0;1.0;0.0;Good
datasets/so2_t/good/so2t_g_s_392.jpg;Good;0.0;0.999;0.0;Good
datasets/so2_t/good/so2t_g_s_379.jpg;Good;0.001;0.993;0.001;Good
datasets/so2_t/good/so2t_g_b_018.jpg;Good;0.0;1.0;0.0;Good
datasets/so2_t/good/so2t_g_s_056.jpg;Good;0.0;1.0;0.0;Good
datasets/so2_t/good/so2t_g_s_014.jpg;Good;0.0;1.0;0.0;Good
datasets/so2_t/good/so2t_g_s_022.jpg;Good;0.003;1.0;0.0;Good
datasets/so2_t/good/so2t_g_s_148.jpg;Good;0.0;1.0;0.0;Good
datasets/so2_t/good/so2t_g_s_357.jpg;Good;0.0;1.0;0.0;Good
datasets/so2_t/good/so2t_g_s_347.jpg;Good;0.0;0.999;0.0;Good
datasets/so2_t/good/so2t_g_s_181.jpg;Good;0.0;1.0;0.0;Good
datasets/so2_t/good/so2t_g_b_035.jpg;Good;0.0;1.0;0.0;Good
datasets/so2_t/good/so2t_g_s_397.jpg;Good;0.0;1.0;0.0;Good
datasets/so2_t/good/so2t_g_s_091.jpg;Good;0.0;0.999;0.0;Good
datasets/so2_t/good/so2t_g_s_340.jpg;Good;0.001;0.997;0.002;Good
datasets/so2_t/good/so2t_g_s_284.jpg;Good;0.0;1.0;0.0;Good
datasets/so2_t/good/so2t_g_s_095.jpg;Good;0.0;1.0;0.0;Good
datasets/so2_t/good/so2t_g_s_055.jpg;Good;0.0;1.0;0.0;Good
datasets/so2_t/good/so2t_g_s_234.jpg;Good;0.0;1.0;0.0;Good
datasets/so2_t/good/so2t_g_s_161.jpg;Good;0.0;0.999;0.0;Good
datasets/so2_t/good/so2t_g_s_229.jpg;Good;0.0;1.0;0.001;Good
datasets/so2_t/good/so2t_g_s_258.jpg;Good;0.0;1.0;0.0;Good
datasets/so2_t/good/so2t_g_s_062.jpg;Good;0.001;0.998;0.001;Good
datasets/so2_t/good/so2t_g_s_142.jpg;Good;0.0;1.0;0.0;Good
datasets/so2_t/good/so2t_g_s_254.jpg;Good;0.0;1.0;0.0;Good
datasets/so2_t/good/IMG_20160628_162113.jpg;Good;0.0;1.0;0.0;Good
datasets/so2_t/good/so2t_g_s_360.jpg;Good;0.0;1.0;0.0;Good
datasets/so2_t/good/so2t_g_s_072.jpg;Good;0.0;0.999;0.0;Good
datasets/so2_t/good/so2t_g_s_281.jpg;Good;0.001;0.999;0.0;Good
datasets/so2_t/good/so2t_g_s_003.jpg;Good;0.0;1.0;0.0;Good
datasets/so2_t/good/so2t_g_s_373.jpg;Good;0.0;0.999;0.0;Good
datasets/so2_t/good/so2t_g_s_324.jpg;Good;0.003;0.997;0.001;Good
datasets/so2_t/good/so2t_g_s_368.jpg;Good;0.0;1.0;0.0;Good
datasets/so2_t/good/so2t_g_s_280.jpg;Good;0.0;1.0;0.0;Good
datasets/so2_t/good/so2t_g_s_371.jpg;Good;0.0;1.0;0.0;Good
datasets/so2_t/good/so2t_g_s_255.jpg;Good;0.0;1.0;0.0;Good
datasets/so2_t/good/so2t_g_s_180.jpg;Good;0.0;0.999;0.0;Good
datasets/so2_t/good/so2t_g_s_384.jpg;Good;0.0;0.999;0.0;Good
datasets/so2_t/good/so2t_g_s_078.jpg;Good;0.0;1.0;0.0;Good
datasets/so2_t/good/so2t_g_s_018.jpg;Good;0.0;1.0;0.0;Good
datasets/so2_t/good/so2t_g_s_159.jpg;Good;0.008;0.995;0.0;Good
datasets/so2_t/good/so2t_g_s_139.jpg;Good;0.0;1.0;0.0;Good
datasets/so2_t/good/IMG_20160628_161353.jpg;Good;0.0;1.0;0.0;Good
datasets/so2_t/good/so2t_g_s_157.jpg;Good;0.001;1.0;0.0;Good
datasets/so2_t/good/so2t_g_s_107.jpg;Good;0.001;0.999;0.0;Good
datasets/so2_t/good/so2t_g_b_001.jpg;Good;0.0;1.0;0.0;Good
datasets/so2_t/good/so2t_g_s_151.jpg;Good;0.0;1.0;0.0;Good
datasets/so2_t/good/so2t_g_s_218.jpg;Good;0.0;0.999;0.0;Good
datasets/so2_t/good/so2t_g_s_013.jpg;Good;0.0;1.0;0.0;Good
datasets/so2_t/good/so2t_g_s_359.jpg;Good;0.0;1.0;0.0;Good
datasets/so2_t/good/so2t_g_s_358.jpg;Good;0.0;1.0;0.0;Good
datasets/so2_t/good/so2t_g_b_027.jpg;Good;0.0;1.0;0.0;Good
datasets/so2_t/good/so2t_g_b_034.jpg;Good;0.0;1.0;0.0;Good
datasets/so2_t/good/so2t_g_s_370.jpg;Good;0.0;1.0;0.0;Good
datasets/so2_t/good/so2t_g_b_026.jpg;Good;0.0;1.0;0.0;Good
datasets/so2_t/good/so2t_g_b_010.jpg;Good;0.0;1.0;0.0;Good
datasets/so2_t/good/so2t_g_s_066.jpg;Good;0.0;1.0;0.0;Good
datasets/so2_t/good/so2t_g_s_005.jpg;Good;0.0;1.0;0.0;Good
datasets/so2_t/good/so2t_g_s_137.jpg;Good;0.0;1.0;0.0;Good
datasets/so2_t/good/so2t_g_s_378.jpg;Good;0.001;1.0;0.0;Good
datasets/so2_t/good/so2t_g_s_150.jpg;Good;0.0;1.0;0.0;Good
datasets/so2_t/good/so2t_g_s_004.jpg;Good;0.0;1.0;0.0;Good
datasets/so2_t/good/so2t_g_s_215.jpg;Good;0.0;1.0;0.001;Good
datasets/so2_t/good/so2t_g_s_041.jpg;Good;0.0;1.0;0.0;Good
datasets/so2_t/good/so2t_g_s_243.jpg;Good;0.001;0.999;0.0;Good
datasets/so2_t/good/so2t_g_s_122.jpg;Good;0.0;0.996;0.006;Good
datasets/so2_t/good/so2t_g_s_047.jpg;Good;0.0;1.0;0.0;Good
datasets/so2_t/good/so2t_g_s_168.jpg;Good;0.0;0.999;0.0;Good
datasets/so2_t/good/so2t_g_s_238.jpg;Good;0.0;0.999;0.0;Good
datasets/so2_t/good/so2t_g_s_176.jpg;Good;0.001;0.999;0.0;Good
datasets/so2_t/good/so2t_g_s_224.jpg;Good;0.0;1.0;0.0;Good
datasets/so2_t/good/so2t_g_s_342.jpg;Good;0.0;1.0;0.0;Good
datasets/so2_t/good/so2t_g_s_391.jpg;Good;0.0;1.0;0.0;Good
datasets/so2_t/good/so2t_g_s_059.jpg;Good;0.0;1.0;0.0;Good
datasets/so2_t/good/so2t_g_s_048.jpg;Good;0.0;1.0;0.0;Good
datasets/so2_t/good/so2t_g_s_343.jpg;Good;0.001;0.998;0.0;Good
datasets/so2_t/good/so2t_g_s_309.jpg;Good;0.0;1.0;0.0;Good
datasets/so2_t/good/so2t_g_s_227.jpg;Good;0.0;1.0;0.001;Good
datasets/so2_t/good/so2t_g_s_381.jpg;Good;0.0;1.0;0.0;Good
datasets/so2_t/good/so2t_g_s_276.jpg;Good;0.0;0.999;0.0;Good
datasets/so2_t/good/so2t_g_s_367.jpg;Good;0.0;1.0;0.0;Good
datasets/so2_t/good/so2t_g_s_054.jpg;Good;0.0;1.0;0.0;Good
datasets/so2_t/good/so2t_g_s_172.jpg;Good;0.0;1.0;0.0;Good
datasets/so2_t/good/so2t_g_s_002.jpg;Good;0.0;1.0;0.0;Good
datasets/so2_t/good/so2t_g_s_104.jpg;Good;0.0;1.0;0.0;Good
datasets/so2_t/good/so2t_g_s_337.jpg;Good;0.001;0.998;0.001;Good
datasets/so2_t/good/so2t_g_s_108.jpg;Good;0.0;1.0;0.0;Good
datasets/so2_t/good/so2t_g_b_031.jpg;Good;0.0;1.0;0.0;Good
datasets/so2_t/good/so2t_g_s_216.jpg;Good;0.0;1.0;0.0;Good
datasets/so2_t/good/so2t_g_s_200.jpg;Good;0.0;0.999;0.0;Good
datasets/so2_t/good/so2t_g_b_004.jpg;Good;0.0;1.0;0.0;Good
datasets/so2_t/good/so2t_g_s_093.jpg;Good;0.0;1.0;0.0;Good
datasets/so2_t/good/so2t_g_s_023.jpg;Good;0.002;0.997;0.0;Good
datasets/so2_t/good/so2t_g_s_328.jpg;Good;0.0;1.0;0.0;Good
datasets/so2_t/good/so2t_g_s_034.jpg;Good;0.002;0.999;0.0;Good
datasets/so2_t/good/so2t_g_s_398.jpg;Good;0.0;0.999;0.001;Good
datasets/so2_t/good/so2t_g_s_077.jpg;Good;0.0;1.0;0.002;Good
datasets/so2_t/good/so2t_g_s_400.jpg;Good;0.0;1.0;0.0;Good
datasets/so2_t/good/so2t_g_s_016.jpg;Good;0.0;1.0;0.0;Good
datasets/so2_t/good/so2t_g_s_188.jpg;Good;0.0;1.0;0.0;Good
datasets/so2_t/good/so2t_g_b_024.jpg;Good;0.0;1.0;0.0;Good
datasets/so2_t/good/so2t_g_s_393.jpg;Good;0.0;0.999;0.0;Good
datasets/so2_t/good/so2t_g_s_259.jpg;Good;0.003;0.999;0.0;Good
datasets/so2_t/good/so2t_g_s_235.jpg;Good;0.0;1.0;0.0;Good
datasets/so2_t/good/so2t_g_s_140.jpg;Good;0.0;0.999;0.0;Good
datasets/so2_t/good/so2t_g_s_030.jpg;Good;0.003;0.999;0.0;Good
datasets/so2_t/good/so2t_g_b_002.jpg;Good;0.0;1.0;0.0;Good
datasets/so2_t/good/so2t_g_s_063.jpg;Good;0.0;1.0;0.001;Good
datasets/so2_t/good/so2t_g_s_279.jpg;Good;0.0;1.0;0.0;Good
datasets/so2_t/good/so2t_g_s_080.jpg;Good;0.0;1.0;0.0;Good
datasets/so2_t/good/so2t_g_s_132.jpg;Good;0.0;0.998;0.0;Good
datasets/so2_t/good/so2t_g_b_003.jpg;Good;0.0;1.0;0.0;Good
datasets/so2_t/good/0089.jpg;Good;0.0;1.0;0.0;Good
datasets/so2_t/good/so2t_g_s_123.jpg;Good;0.0;1.0;0.0;Good
datasets/so2_t/good/so2t_g_s_194.jpg;Good;0.0;1.0;0.0;Good
datasets/so2_t/good/so2t_g_s_375.jpg;Good;0.0;1.0;0.0;Good
datasets/so2_t/good/so2t_g_s_288.jpg;Good;0.0;1.0;0.0;Good
datasets/so2_t/good/so2t_g_s_036.jpg;Good;0.0;0.998;0.0;Good
datasets/so2_t/good/so2t_g_s_100.jpg;Good;0.0;1.0;0.0;Good
datasets/so2_t/good/so2t_g_s_085.jpg;Good;0.0;0.996;0.001;Good
datasets/so2_t/good/so2t_g_s_032.jpg;Good;0.0;1.0;0.0;Good
datasets/so2_t/good/so2t_g_s_226.jpg;Good;0.0;1.0;0.0;Good
datasets/so2_t/good/so2t_g_s_352.jpg;Good;0.0;1.0;0.0;Good
datasets/so2_t/good/so2t_g_s_296.jpg;Good;0.0;1.0;0.0;Good
datasets/so2_t/good/so2t_g_s_046.jpg;Good;0.0;1.0;0.0;Good
datasets/so2_t/good/so2t_g_s_386.jpg;Good;0.0;1.0;0.0;Good
datasets/so2_t/good/so2t_g_s_354.jpg;Good;0.0;1.0;0.0;Good
datasets/so2_t/good/so2t_g_s_249.jpg;Good;0.0;1.0;0.0;Good
datasets/so2_t/good/so2t_g_s_170.jpg;Good;0.0;1.0;0.0;Good
datasets/so2_t/good/so2t_g_s_385.jpg;Good;0.0;1.0;0.001;Good
datasets/so2_t/good/so2t_g_s_232.jpg;Good;0.0;1.0;0.0;Good
datasets/so2_t/good/so2t_g_s_341.jpg;Good;0.0;0.998;0.0;Good
datasets/so2_t/good/so2t_g_s_289.jpg;Good;0.0;1.0;0.0;Good
datasets/so2_t/good/so2t_g_s_127.jpg;Good;0.0;1.0;0.0;Good
datasets/so2_t/good/so2t_g_s_395.jpg;Good;0.0;1.0;0.0;Good
datasets/so2_t/good/so2t_g_s_130.jpg;Good;0.0;1.0;0.0;Good
datasets/so2_t/good/so2t_g_s_334.jpg;Good;0.0;0.999;0.001;Good
datasets/so2_t/good/so2t_g_s_102.jpg;Good;0.0;1.0;0.0;Good
datasets/so2_t/good/so2t_g_b_022.jpg;Good;0.0;1.0;0.0;Good
datasets/so2_t/good/so2t_g_s_327.jpg;Good;0.001;0.997;0.0;Good
datasets/so2_t/good/so2t_g_s_017.jpg;Good;0.0;1.0;0.0;Good
datasets/so2_t/good/so2t_g_s_346.jpg;Good;0.0;1.0;0.0;Good
datasets/so2_t/good/so2t_g_b_009.jpg;Good;0.0;1.0;0.0;Good
datasets/so2_t/good/so2t_g_s_057.jpg;Good;0.0;1.0;0.001;Good
datasets/so2_t/good/so2t_g_s_380.jpg;Good;0.0;1.0;0.0;Good
datasets/so2_t/good/so2t_g_s_269.jpg;Good;0.0;1.0;0.0;Good
datasets/so2_t/good/so2t_g_s_052.jpg;Good;0.0;1.0;0.0;Good
datasets/so2_t/good/so2t_g_s_213.jpg;Good;0.0;1.0;0.0;Good
datasets/so2_t/good/so2t_g_s_201.jpg;Good;0.0;1.0;0.0;Good
datasets/so2_t/good/so2t_g_s_333.jpg;Good;0.0;1.0;0.0;Good
datasets/so2_t/good/so2t_g_s_293.jpg;Good;0.0;0.999;0.0;Good
datasets/so2_t/good/so2t_g_s_245.jpg;Good;0.0;1.0;0.0;Good
datasets/so2_t/good/so2t_g_s_277.jpg;Good;0.0;1.0;0.0;Good
datasets/so2_t/good/so2t_g_s_263.jpg;Good;0.0;1.0;0.0;Good
datasets/so2_t/good/so2t_g_s_383.jpg;Good;0.0;1.0;0.0;Good
datasets/so2_t/good/so2t_g_s_316.jpg;Good;0.002;0.999;0.0;Good
datasets/so2_t/good/so2t_g_s_275.jpg;Good;0.002;0.997;0.0;Good
datasets/so2_t/good/so2t_g_s_166.jpg;Good;0.0;1.0;0.0;Good
datasets/so2_t/good/so2t_g_s_394.jpg;Good;0.001;0.999;0.0;Good
datasets/so2_t/good/so2t_g_s_028.jpg;Good;0.0;1.0;0.0;Good
datasets/so2_t/good/so2t_g_s_129.jpg;Good;0.001;0.998;0.0;Good
datasets/so2_t/good/so2t_g_s_350.jpg;Good;0.0;1.0;0.0;Good
datasets/so2_t/good/so2t_g_s_271.jpg;Good;0.0;1.0;0.0;Good
datasets/so2_t/good/so2t_g_s_112.jpg;Good;0.0;1.0;0.0;Good
datasets/so2_t/good/so2t_g_s_261.jpg;Good;0.0;1.0;0.0;Good
datasets/so2_t/good/so2t_g_s_220.jpg;Good;0.0;1.0;0.0;Good
datasets/so2_t/good/so2t_g_s_011.jpg;Good;0.0;1.0;0.0;Good
datasets/so2_t/good/so2t_g_s_225.jpg;Good;0.0;1.0;0.0;Good
datasets/so2_t/good/so2t_g_s_073.jpg;Good;0.0;1.0;0.0;Good
datasets/so2_t/good/so2t_g_s_290.jpg;Good;0.0;1.0;0.0;Good
datasets/so2_t/good/so2t_g_s_182.jpg;Good;0.0;0.998;0.004;Good
datasets/so2_t/good/so2t_g_b_023.jpg;Good;0.0;1.0;0.0;Good
datasets/so2_t/good/so2t_g_s_285.jpg;Good;0.0;1.0;0.0;Good
datasets/so2_t/good/so2t_g_s_006.jpg;Good;0.0;1.0;0.0;Good
datasets/so2_t/good/so2t_g_s_322.jpg;Good;0.0;1.0;0.0;Good
datasets/so2_t/good/so2t_g_s_251.jpg;Good;0.0;1.0;0.0;Good
datasets/so2_t/good/so2t_g_s_015.jpg;Good;0.0;1.0;0.0;Good
datasets/so2_t/good/so2t_g_s_173.jpg;Good;0.001;0.998;0.0;Good
datasets/so2_t/good/so2t_g_s_074.jpg;Good;0.001;0.996;0.001;Good
datasets/so2_t/good/so2t_g_s_376.jpg;Good;0.0;1.0;0.0;Good
datasets/so2_t/good/so2t_g_s_292.jpg;Good;0.0;1.0;0.0;Good
datasets/so2_t/good/so2t_g_s_336.jpg;Good;0.001;0.998;0.0;Good
datasets/so2_t/good/so2t_g_s_179.jpg;Good;0.0;1.0;0.0;Good
datasets/so2_t/good/so2t_g_s_196.jpg;Good;0.0;1.0;0.0;Good
datasets/so2_t/good/so2t_g_s_233.jpg;Good;0.0;1.0;0.0;Good
datasets/so2_t/good/so2t_g_s_147.jpg;Good;0.0;1.0;0.0;Good
datasets/so2_t/good/so2t_g_s_387.jpg;Good;0.0;1.0;0.0;Good
datasets/so2_t/good/so2t_g_s_320.jpg;Good;0.0;0.999;0.001;Good
datasets/so2_t/good/so2t_g_s_209.jpg;Good;0.0;1.0;0.0;Good
datasets/so2_t/good/so2t_g_b_025.jpg;Good;0.0;1.0;0.0;Good
datasets/so2_t/good/so2t_g_s_252.jpg;Good;0.0;1.0;0.0;Good
datasets/so2_t/good/so2t_g_s_141.jpg;Good;0.0;1.0;0.0;Good
datasets/so2_t/good/IMG_20160628_151315.jpg;Good;0.0;1.0;0.0;Good
datasets/so2_t/good/so2t_g_b_033.jpg;Good;0.0;1.0;0.0;Good
datasets/so2_t/good/so2t_g_s_253.jpg;Good;0.0;1.0;0.0;Good
datasets/so2_t/good/so2t_g_s_094.jpg;Good;0.0;1.0;0.0;Good
datasets/so2_t/good/so2t_g_s_098.jpg;Good;0.0;1.0;0.0;Good
datasets/so2_t/good/so2t_g_s_242.jpg;Good;0.0;1.0;0.0;Good
datasets/so2_t/good/so2t_g_s_184.jpg;Good;0.001;0.996;0.001;Good
datasets/so2_t/good/so2t_g_s_306.jpg;Good;0.0;1.0;0.0;Good
datasets/so2_t/good/so2t_g_s_128.jpg;Good;0.0;1.0;0.0;Good
datasets/so2_t/good/so2t_g_s_272.jpg;Good;0.0;1.0;0.0;Good
datasets/so2_t/good/so2t_g_s_390.jpg;Good;0.0;0.999;0.0;Good
datasets/so2_t/good/so2t_g_s_092.jpg;Good;0.0;1.0;0.0;Good
datasets/so2_t/good/so2t_g_s_308.jpg;Good;0.0;0.999;0.001;Good
datasets/so2_t/good/so2t_g_s_010.jpg;Good;0.0;1.0;0.0;Good
datasets/so2_t/good/so2t_g_s_009.jpg;Good;0.0;1.0;0.0;Good
datasets/so2_t/good/so2t_g_s_206.jpg;Good;0.0;0.998;0.001;Good
datasets/so2_t/good/so2t_g_s_282.jpg;Good;0.0;1.0;0.0;Good
datasets/so2_t/good/IMG_20160628_162437.jpg;Good;0.0;1.0;0.0;Good
datasets/so2_t/good/so2t_g_s_270.jpg;Good;0.0;1.0;0.0;Good
datasets/so2_t/good/so2t_g_s_021.jpg;Good;0.0;1.0;0.0;Good
datasets/so2_t/good/so2t_g_s_114.jpg;Good;0.0;1.0;0.0;Good
datasets/so2_t/good/so2t_g_s_190.jpg;Good;0.0;1.0;0.0;Good
datasets/so2_t/good/so2t_g_s_266.jpg;Good;0.0;1.0;0.0;Good
datasets/so2_t/good/so2t_g_s_291.jpg;Good;0.0;1.0;0.0;Good
datasets/so2_t/good/so2t_g_s_133.jpg;Good;0.0;0.999;0.0;Good
datasets/so2_t/good/so2t_g_s_118.jpg;Good;0.0;0.999;0.0;Good
datasets/so2_t/good/so2t_g_s_149.jpg;Good;0.0;0.999;0.001;Good
datasets/so2_t/good/so2t_g_s_135.jpg;Good;0.0;0.999;0.001;Good
datasets/so2_t/good/so2t_g_s_191.jpg;Good;0.0;1.0;0.0;Good
datasets/so2_t/good/so2t_g_s_319.jpg;Good;0.0;1.0;0.0;Good
datasets/so2_t/good/so2t_g_b_021.jpg;Good;0.0;1.0;0.0;Good
datasets/so2_t/good/so2t_g_s_043.jpg;Good;0.0;1.0;0.0;Good
datasets/so2_t/good/so2t_g_s_084.jpg;Good;0.0;0.999;0.0;Good
datasets/so2_t/good/so2t_g_s_283.jpg;Good;0.0;0.999;0.001;Good
datasets/so2_t/good/so2t_g_b_017.jpg;Good;0.0;1.0;0.0;Good
datasets/so2_t/good/so2t_g_b_005.jpg;Good;0.0;1.0;0.0;Good
datasets/so2_t/good/so2t_g_s_362.jpg;Good;0.0;1.0;0.0;Good
datasets/so2_t/good/so2t_g_s_158.jpg;Good;0.0;0.999;0.0;Good
datasets/so2_t/good/so2t_g_s_260.jpg;Good;0.0;1.0;0.0;Good
datasets/so2_t/good/so2t_g_s_145.jpg;Good;0.0;1.0;0.0;Good
datasets/so2_t/good/so2t_g_s_099.jpg;Good;0.0;1.0;0.0;Good
datasets/so2_t/good/so2t_g_s_075.jpg;Good;0.0;1.0;0.0;Good
datasets/so2_t/good/so2t_g_s_329.jpg;Good;0.0;1.0;0.0;Good
datasets/so2_t/good/so2t_g_s_171.jpg;Good;0.0;1.0;0.0;Good
datasets/so2_t/good/so2t_g_s_065.jpg;Good;0.0;1.0;0.0;Good
datasets/so2_t/good/so2t_g_s_268.jpg;Good;0.0;0.999;0.0;Good
datasets/so2_t/good/so2t_g_s_117.jpg;Good;0.0;0.997;0.001;Good
datasets/so2_t/good/so2t_g_s_211.jpg;Good;0.0;1.0;0.0;Good
datasets/so2_t/good/so2t_g_s_020.jpg;Good;0.001;0.996;0.0;Good
datasets/so2_t/good/so2t_g_b_039.jpg;Good;0.0;1.0;0.0;Good
datasets/so2_t/good/IMG_20160628_151313.jpg;Good;0.0;1.0;0.0;Good
datasets/so2_t/good/so2t_g_s_210.jpg;Good;0.0;0.999;0.0;Good
datasets/so2_t/good/so2t_g_s_061.jpg;Good;0.0;1.0;0.0;Good
datasets/so2_t/good/so2t_g_s_033.jpg;Good;0.0;0.999;0.0;Good
datasets/so2_t/good/so2t_g_s_300.jpg;Good;0.0;1.0;0.0;Good
datasets/so2_t/good/so2t_g_s_198.jpg;Good;0.0;0.999;0.001;Good
datasets/so2_t/good/so2t_g_s_203.jpg;Good;0.001;0.993;0.003;Good
datasets/so2_t/good/so2t_g_s_223.jpg;Good;0.0;1.0;0.0;Good
datasets/so2_t/good/so2t_g_s_241.jpg;Good;0.0;1.0;0.0;Good
datasets/so2_t/good/IMG_20160628_151145.jpg;Good;0.0;1.0;0.0;Good
datasets/so2_t/good/so2t_g_b_030.jpg;Good;0.0;1.0;0.0;Good
datasets/so2_t/good/IMG_20160628_151355.jpg;Good;0.0;1.0;0.0;Good
datasets/so2_t/good/so2t_g_b_012.jpg;Good;0.0;1.0;0.0;Good
datasets/so2_t/good/so2t_g_s_174.jpg;Good;0.0;1.0;0.0;Good
datasets/so2_t/good/IMG_20160628_153301.jpg;Good;0.0;1.0;0.0;Good
datasets/so2_t/good/so2t_g_s_199.jpg;Good;0.0;1.0;0.0;Good
datasets/so2_t/good/so2t_g_b_037.jpg;Good;0.0;1.0;0.0;Good
datasets/so2_t/good/so2t_g_s_356.jpg;Good;0.0;1.0;0.0;Good
datasets/so2_t/good/so2t_g_s_131.jpg;Good;0.0;0.999;0.0;Good
datasets/so2_t/good/so2t_g_s_221.jpg;Good;0.0;0.999;0.001;Good
datasets/so2_t/good/so2t_g_s_326.jpg;Good;0.0;1.0;0.0;Good
datasets/so2_t/good/so2t_g_b_013.jpg;Good;0.0;1.0;0.0;Good
datasets/so2_t/good/so2t_g_s_349.jpg;Good;0.0;1.0;0.0;Good
datasets/so2_t/good/so2t_g_s_124.jpg;Good;0.0;0.998;0.0;Good
datasets/so2_t/good/so2t_g_s_019.jpg;Good;0.0;1.0;0.0;Good
datasets/so2_t/good/so2t_g_s_040.jpg;Good;0.0;1.0;0.0;Good
datasets/so2_t/good/so2t_g_s_332.jpg;Good;0.0;1.0;0.0;Good
datasets/so2_t/good/so2t_g_s_070.jpg;Good;0.0;1.0;0.0;Good
datasets/so2_t/good/so2t_g_s_302.jpg;Good;0.0;1.0;0.0;Good
datasets/so2_t/good/so2t_g_s_138.jpg;Good;0.0;0.998;0.0;Good
datasets/so2_t/good/so2t_g_s_401.jpg;Good;0.0;0.999;0.003;Good
datasets/so2_t/good/so2t_g_b_006.jpg;Good;0.0;1.0;0.0;Good
datasets/so2_t/good/so2t_g_s_026.jpg;Good;0.001;0.999;0.0;Good
datasets/so2_t/good/so2t_g_s_012.jpg;Good;0.0;1.0;0.0;Good
datasets/so2_t/good/so2t_g_s_027.jpg;Good;0.002;0.998;0.0;Good
datasets/so2_t/good/so2t_g_s_265.jpg;Good;0.0;0.999;0.0;Good
datasets/so2_t/good/so2t_g_s_307.jpg;Good;0.001;1.0;0.0;Good
datasets/so2_t/good/so2t_g_s_097.jpg;Good;0.0;1.0;0.0;Good
datasets/so2_t/good/so2t_g_s_315.jpg;Good;0.0;1.0;0.0;Good
datasets/so2_t/good/so2t_g_s_230.jpg;Good;0.0;1.0;0.0;Good
datasets/so2_t/good/so2t_g_s_313.jpg;Good;0.001;1.0;0.0;Good
datasets/so2_t/good/so2t_g_s_058.jpg;Good;0.0;1.0;0.0;Good
datasets/so2_t/good/so2t_g_s_029.jpg;Good;0.0;1.0;0.0;Good
datasets/so2_t/good/so2t_g_s_049.jpg;Good;0.0;1.0;0.0;Good
datasets/so2_t/good/so2t_g_s_101.jpg;Good;0.001;0.999;0.0;Good
datasets/so2_t/good/IMG_20160628_161257.jpg;Good;0.0;1.0;0.0;Good
datasets/so2_t/good/so2t_g_s_388.jpg;Good;0.001;0.998;0.001;Good
datasets/so2_t/good/so2t_g_b_011.jpg;Good;0.0;1.0;0.0;Good
datasets/so2_t/good/so2t_g_s_155.jpg;Good;0.0;0.999;0.0;Good
datasets/so2_t/good/so2t_g_s_008.jpg;Good;0.0;1.0;0.0;Good
datasets/so2_t/good/so2t_g_s_303.jpg;Good;0.0;0.999;0.0;Good
datasets/so2_t/good/0107.jpg;Good;0.0;1.0;0.0;Good
datasets/so2_t/good/so2t_g_s_264.jpg;Good;0.0;1.0;0.0;Good
datasets/so2_t/good/so2t_g_s_244.jpg;Good;0.0;0.999;0.0;Good
datasets/so2_t/good/so2t_g_s_366.jpg;Good;0.0;1.0;0.0;Good
datasets/so2_t/good/so2t_g_s_183.jpg;Good;0.001;0.998;0.002;Good
datasets/so2_t/good/so2t_g_s_205.jpg;Good;0.0;1.0;0.0;Good
datasets/so2_t/good/so2t_g_s_163.jpg;Good;0.001;0.999;0.0;Good
datasets/so2_t/good/so2t_g_s_175.jpg;Good;0.0;1.0;0.0;Good
datasets/so2_t/good/so2t_g_b_032.jpg;Good;0.0;1.0;0.0;Good
datasets/so2_t/good/so2t_g_s_103.jpg;Good;0.0;1.0;0.0;Good
datasets/so2_t/good/so2t_g_s_081.jpg;Good;0.0;0.999;0.0;Good
datasets/so2_t/good/so2t_g_s_115.jpg;Good;0.0;1.0;0.0;Good
datasets/so2_t/good/so2t_g_b_007.jpg;Good;0.0;1.0;0.0;Good
datasets/so2_t/good/so2t_g_s_217.jpg;Good;0.0;1.0;0.0;Good
datasets/so2_t/good/so2t_g_s_193.jpg;Good;0.0;1.0;0.001;Good
datasets/so2_t/good/so2t_g_s_323.jpg;Good;0.0;1.0;0.0;Good
datasets/so2_t/good/so2t_g_s_088.jpg;Good;0.0;1.0;0.0;Good
datasets/so2_t/good/so2t_g_s_237.jpg;Good;0.0;1.0;0.0;Good
datasets/so2_t/good/so2t_g_s_045.jpg;Good;0.0;1.0;0.0;Good
datasets/so2_t/good/so2t_g_s_287.jpg;Good;0.0;0.999;0.0;Good
datasets/so2_t/good/so2t_g_s_152.jpg;Good;0.0;1.0;0.0;Good
datasets/so2_t/good/so2t_g_s_204.jpg;Good;0.0;0.999;0.0;Good
datasets/so2_t/good/so2t_g_s_197.jpg;Good;0.0;1.0;0.0;Good
datasets/so2_t/good/so2t_g_s_299.jpg;Good;0.0;1.0;0.0;Good
datasets/so2_t/good/so2t_g_s_186.jpg;Good;0.0;1.0;0.0;Good
datasets/so2_t/good/so2t_g_s_076.jpg;Good;0.0;1.0;0.0;Good
datasets/so2_t/good/so2t_g_s_187.jpg;Good;0.0;1.0;0.0;Good
datasets/so2_t/good/IMG_20160628_161828.jpg;Good;0.0;0.999;0.0;Good
datasets/so2_t/good/so2t_g_s_164.jpg;Good;0.001;0.999;0.0;Good
datasets/so2_t/good/so2t_g_s_208.jpg;Good;0.0;1.0;0.0;Good
datasets/so2_t/good/so2t_g_s_228.jpg;Good;0.0;0.998;0.002;Good
datasets/so2_t/good/so2t_g_s_160.jpg;Good;0.001;0.997;0.002;Good
datasets/so2_t/good/so2t_g_s_178.jpg;Good;0.001;0.997;0.001;Good
datasets/so2_t/good/so2t_g_s_345.jpg;Good;0.0;0.999;0.0;Good
datasets/so2_t/good/so2t_g_s_372.jpg;Good;0.0;1.0;0.0;Good
datasets/so2_t/good/so2t_g_s_126.jpg;Good;0.0;1.0;0.0;Good
datasets/so2_t/good/so2t_g_b_016.jpg;Good;0.0;1.0;0.0;Good
datasets/so2_t/good/so2t_g_s_044.jpg;Good;0.0;1.0;0.0;Good
datasets/so2_t/good/so2t_g_s_090.jpg;Good;0.0;1.0;0.0;Good
datasets/so2_t/good/so2t_g_s_031.jpg;Good;0.001;0.999;0.0;Good
datasets/so2_t/good/so2t_g_s_267.jpg;Good;0.0;0.991;0.003;Good
datasets/so2_t/good/so2t_g_s_236.jpg;Good;0.0;1.0;0.0;Good
datasets/so2_t/good/so2t_g_s_239.jpg;Good;0.0;0.999;0.001;Good
datasets/so2_t/good/so2t_g_s_119.jpg;Good;0.0;0.999;0.0;Good
datasets/so2_t/good/so2t_g_s_202.jpg;Good;0.0;0.997;0.0;Good
datasets/so2_t/good/so2t_g_s_165.jpg;Good;0.0;0.999;0.003;Good
datasets/so2_t/good/so2t_g_b_020.jpg;Good;0.0;1.0;0.0;Good
datasets/so2_t/good/so2t_g_s_219.jpg;Good;0.0;1.0;0.0;Good
datasets/so2_t/good/so2t_g_s_167.jpg;Good;0.004;0.995;0.001;Good
datasets/so2_t/good/so2t_g_b_019.jpg;Good;0.0;1.0;0.0;Good
datasets/so2_t/good/so2t_g_s_304.jpg;Good;0.0;1.0;0.0;Good
datasets/so2_t/good/so2t_g_s_111.jpg;Good;0.0;1.0;0.0;Good
datasets/so2_t/good/so2t_g_s_351.jpg;Good;0.0;0.999;0.0;Good
datasets/so2_t/good/so2t_g_s_007.jpg;Good;0.002;0.998;0.0;Good
datasets/so2_t/good/so2t_g_s_321.jpg;Good;0.0;1.0;0.0;Good
datasets/so2_t/good/so2t_g_s_374.jpg;Good;0.003;0.999;0.0;Good
datasets/so2_t/good/so2t_g_b_036.jpg;Good;0.0;1.0;0.0;Good
datasets/so2_t/good/so2t_g_s_301.jpg;Good;0.0;1.0;0.001;Good
datasets/so2_t/good/so2t_g_b_038.jpg;Good;0.0;1.0;0.0;Good
datasets/so2_t/good/so2t_g_s_240.jpg;Good;0.0;1.0;0.0;Good
datasets/so2_t/good/so2t_g_s_361.jpg;Good;0.0;0.999;0.001;Good
datasets/so2_t/good/so2t_g_s_262.jpg;Good;0.0;1.0;0.0;Good
datasets/so2_t/good/so2t_g_s_314.jpg;Good;0.0;1.0;0.0;Good
datasets/so2_t/good/so2t_g_s_377.jpg;Good;0.0;1.0;0.0;Good
datasets/so2_t/good/so2t_g_s_185.jpg;Good;0.0;1.0;0.0;Good
datasets/so2_t/good/so2t_g_s_330.jpg;Good;0.0;0.999;0.0;Good
datasets/so2_t/good/so2t_g_s_318.jpg;Good;0.0;1.0;0.0;Good
datasets/so2_t/good/so2t_g_s_257.jpg;Good;0.0;0.999;0.0;Good
datasets/so2_t/good/so2t_g_s_278.jpg;Good;0.0;1.0;0.0;Good
datasets/so2_t/good/so2t_g_s_154.jpg;Good;0.0;1.0;0.001;Good
datasets/so2_t/good/so2t_g_s_310.jpg;Good;0.0;0.996;0.002;Good
datasets/so2_t/good/so2t_g_s_212.jpg;Good;0.0;0.995;0.001;Good
datasets/so2_t/good/so2t_g_s_325.jpg;Good;0.0;1.0;0.0;Good
datasets/so2_t/good/so2t_g_s_035.jpg;Good;0.0;1.0;0.0;Good
datasets/so2_t/good/so2t_g_s_096.jpg;Good;0.0;1.0;0.0;Good
datasets/so2_t/good/so2t_g_s_144.jpg;Good;0.0;0.997;0.001;Good
datasets/so2_t/good/so2t_g_s_222.jpg;Good;0.0;1.0;0.0;Good
datasets/so2_t/good/so2t_g_s_364.jpg;Good;0.0;1.0;0.0;Good
datasets/so2_t/good/so2t_g_s_069.jpg;Good;0.0;1.0;0.0;Good
datasets/so2_t/good/so2t_g_s_231.jpg;Good;0.0;1.0;0.0;Good
datasets/so2_t/good/so2t_g_s_079.jpg;Good;0.0;1.0;0.0;Good
datasets/so2_t/good/so2t_g_s_353.jpg;Good;0.0;1.0;0.0;Good
datasets/so2_t/good/so2t_g_s_294.jpg;Good;0.0;1.0;0.0;Good
datasets/so2_t/good/so2t_g_s_042.jpg;Good;0.001;0.999;0.0;Good
datasets/so2_t/good/so2t_g_s_305.jpg;Good;0.0;1.0;0.0;Good
datasets/so2_t/good/so2t_g_s_116.jpg;Good;0.0;1.0;0.0;Good
datasets/so2_t/good/so2t_g_s_086.jpg;Good;0.0;1.0;0.0;Good
datasets/so2_t/good/so2t_g_s_134.jpg;Good;0.0;1.0;0.001;Good
datasets/so2_t/good/so2t_g_s_120.jpg;Good;0.0;1.0;0.0;Good
datasets/so2_t/good/so2t_g_s_317.jpg;Good;0.0;0.999;0.005;Good
datasets/so2_t/good/so2t_g_s_113.jpg;Good;0.0;1.0;0.0;Good
datasets/so2_t/good/so2t_g_s_207.jpg;Good;0.0;1.0;0.0;Good
datasets/so2_t/good/so2t_g_s_051.jpg;Good;0.0;1.0;0.0;Good
datasets/so2_t/good/so2t_g_s_247.jpg;Good;0.0;1.0;0.0;Good
datasets/so2_t/good/so2t_g_s_121.jpg;Good;0.0;1.0;0.0;Good
datasets/so2_t/good/so2t_g_s_311.jpg;Good;0.0;1.0;0.0;Good
datasets/so2_t/good/so2t_g_s_153.jpg;Good;0.0;1.0;0.0;Good
datasets/so2_t/good/so2t_g_s_338.jpg;Good;0.0;0.998;0.0;Good
datasets/so2_t/good/so2t_g_b_008.jpg;Good;0.0;1.0;0.0;Good
datasets/so2_t/good/so2t_g_s_068.jpg;Good;0.0;1.0;0.0;Good
datasets/so2_t/good/so2t_g_s_192.jpg;Good;0.0;1.0;0.0;Good
datasets/so2_t/good/so2t_g_s_344.jpg;Good;0.0;0.998;0.0;Good
datasets/so2_t/good/IMG_20160628_161151.jpg;Good;0.0;1.0;0.0;Good
datasets/so2_t/good/so2t_g_s_177.jpg;Good;0.0;0.994;0.005;Good
datasets/so2_t/good/so2t_g_s_083.jpg;Good;0.0;1.0;0.0;Good
datasets/so2_t/good/so2t_g_s_156.jpg;Good;0.0;0.998;0.001;Good
datasets/so2_t/good/so2t_g_b_028.jpg;Good;0.0;1.0;0.0;Good
datasets/so2_t/good/so2t_g_s_089.jpg;Good;0.0;1.0;0.0;Good
datasets/so2_t/good/so2t_g_s_274.jpg;Good;0.001;0.992;0.0;Good
datasets/so2_t/good/so2t_g_s_071.jpg;Good;0.0;1.0;0.0;Good
datasets/so2_t/good/so2t_g_s_060.jpg;Good;0.0;1.0;0.0;Good
datasets/so2_t/good/so2t_g_s_339.jpg;Good;0.0;0.999;0.0;Good
datasets/so2_t/good/so2t_g_s_025.jpg;Good;0.001;0.999;0.0;Good
datasets/so2_t/good/so2t_g_s_331.jpg;Good;0.0;0.996;0.001;Good
datasets/so2_t/good/so2t_g_s_001.jpg;Good;0.0;1.0;0.0;Good
datasets/so2_t/good/so2t_g_s_396.jpg;Good;0.0;1.0;0.0;Good
datasets/so2_t/good/so2t_g_s_110.jpg;Good;0.0;1.0;0.0;Good
datasets/so2_t/good/so2t_g_s_037.jpg;Good;0.0;0.999;0.001;Good
datasets/so2_t/good/so2t_g_s_195.jpg;Good;0.0;1.0;0.0;Good
datasets/so2_t/good/so2t_g_s_087.jpg;Good;0.0;1.0;0.0;Good
datasets/so2_t/good/so2t_g_s_050.jpg;Good;0.0;1.0;0.0;Good
datasets/so2_t/good/so2t_g_s_335.jpg;Good;0.0;1.0;0.0;Good
datasets/so2_t/good/so2t_g_s_382.jpg;Good;0.0;1.0;0.0;Good
datasets/so2_t/good/so2t_g_s_355.jpg;Good;0.0;0.999;0.002;Good
datasets/so2_t/good/so2t_g_s_136.jpg;Good;0.0;1.0;0.0;Good
datasets/so2_t/good/so2t_g_b_029.jpg;Good;0.0;1.0;0.0;Good
datasets/so2_t/good/so2t_g_s_024.jpg;Good;0.0;0.999;0.0;Good
datasets/so2_t/good/so2t_g_s_105.jpg;Good;0.0;1.0;0.0;Good
datasets/so2_t/good/so2t_g_s_106.jpg;Good;0.0;0.999;0.0;Good
datasets/so2_t/good/so2t_g_s_248.jpg;Good;0.0;0.999;0.0;Good
datasets/so2_t/good/so2t_g_s_246.jpg;Good;0.0;1.0;0.0;Good
datasets/so2_t/good/so2t_g_s_038.jpg;Good;0.0;1.0;0.0;Good
datasets/so2_t/good/so2t_g_s_189.jpg;Good;0.0;1.0;0.0;Good
datasets/so2_t/good/so2t_g_s_312.jpg;Good;0.0;1.0;0.0;Good
datasets/so2_t/good/so2t_g_s_162.jpg;Good;0.0;1.0;0.0;Good
datasets/so2_t/good/so2t_g_s_250.jpg;Good;0.0;1.0;0.0;Good
datasets/so2_t/good/so2t_g_s_295.jpg;Good;0.0;1.0;0.0;Good
datasets/so2_t/good/so2t_g_s_365.jpg;Good;0.0;1.0;0.0;Good
datasets/so2_t/good/so2t_g_s_273.jpg;Good;0.0;1.0;0.0;Good
datasets/so2_t/good/so2t_g_s_039.jpg;Good;0.0;1.0;0.0;Good
datasets/so2_t/good/IMG_20160628_150556.jpg;Good;0.0;1.0;0.0;Good
datasets/so2_t/good/so2t_g_s_064.jpg;Good;0.0;1.0;0.0;Good
datasets/so2_t/good/so2t_g_s_369.jpg;Good;0.001;0.996;0.0;Good
datasets/so2_t/late/so2t_l_s_158.jpg;Late;0.0;0.001;1.0;Late
datasets/so2_t/late/so2t_l_s_189.jpg;Late;0.002;0.007;0.994;Late
datasets/so2_t/late/so2t_l_s_092.jpg;Late;0.0;0.001;0.999;Late
datasets/so2_t/late/so2t_l_s_037.jpg;Late;0.0;0.0;1.0;Late
datasets/so2_t/late/so2t_l_s_061.jpg;Late;0.0;0.001;0.999;Late
datasets/so2_t/late/so2t_l_s_193.jpg;Late;0.0;0.001;0.998;Late
datasets/so2_t/late/so2t_l_s_072.jpg;Late;0.0;0.001;0.999;Late
datasets/so2_t/late/so2t_l_b_003.jpg;Late;0.0;0.0;1.0;Late
datasets/so2_t/late/so2t_l_s_032.jpg;Late;0.0;0.0;1.0;Late
datasets/so2_t/late/so2t_l_b_012.jpg;Late;0.0;0.0;1.0;Late
datasets/so2_t/late/so2t_l_s_095.jpg;Late;0.0;0.0;1.0;Late
datasets/so2_t/late/0213.jpg;Late;0.0;0.001;1.0;Late
datasets/so2_t/late/so2t_l_s_006.jpg;Late;0.001;0.001;0.996;Late
datasets/so2_t/late/so2t_l_s_120.jpg;Late;0.0;0.001;1.0;Late
datasets/so2_t/late/so2t_l_s_114.jpg;Late;0.0;0.0;0.999;Late
datasets/so2_t/late/so2t_l_s_119.jpg;Late;0.0;0.001;0.997;Late
datasets/so2_t/late/so2t_l_s_068.jpg;Late;0.0;0.001;0.999;Late
datasets/so2_t/late/so2t_l_s_183.jpg;Late;0.0;0.0;1.0;Late
datasets/so2_t/late/so2t_l_b_002.jpg;Late;0.0;0.0;1.0;Late
datasets/so2_t/late/so2t_l_b_006.jpg;Late;0.0;0.0;1.0;Late
datasets/so2_t/late/so2t_l_b_004.jpg;Late;0.0;0.0;1.0;Late
datasets/so2_t/late/so2t_l_s_175.jpg;Late;0.0;0.0;1.0;Late
datasets/so2_t/late/so2t_l_s_003.jpg;Late;0.0;0.0;1.0;Late
datasets/so2_t/late/so2t_l_s_125.jpg;Late;0.0;0.001;0.998;Late
datasets/so2_t/late/so2t_l_s_080.jpg;Late;0.001;0.0;0.999;Late
datasets/so2_t/late/so2t_l_s_145.jpg;Late;0.0;0.0;1.0;Late
datasets/so2_t/late/so2t_l_s_190.jpg;Late;0.0;0.001;0.998;Late
datasets/so2_t/late/so2t_l_s_016.jpg;Late;0.0;0.0;1.0;Late
datasets/so2_t/late/so2t_l_b_013.jpg;Late;0.0;0.0;1.0;Late
datasets/so2_t/late/IMG_20160628_164232.jpg;Late;0.0;0.0;1.0;Late
datasets/so2_t/late/so2t_l_s_055.jpg;Late;0.0;0.0;1.0;Late
datasets/so2_t/late/so2t_l_s_131.jpg;Late;0.0;0.0;1.0;Late
datasets/so2_t/late/0187.jpg;Late;0.0;0.0;1.0;Late
datasets/so2_t/late/so2t_l_s_186.jpg;Late;0.0;0.0;1.0;Late
datasets/so2_t/late/so2t_l_s_188.jpg;Late;0.0;0.0;1.0;Late
datasets/so2_t/late/so2t_l_s_081.jpg;Late;0.0;0.001;0.999;Late
datasets/so2_t/late/so2t_l_s_066.jpg;Late;0.0;0.001;0.998;Late
datasets/so2_t/late/so2t_l_s_045.jpg;Late;0.0;0.0;1.0;Late
datasets/so2_t/late/so2t_l_s_026.jpg;Late;0.0;0.0;1.0;Late
datasets/so2_t/late/so2t_l_s_142.jpg;Late;0.0;0.0;1.0;Late
datasets/so2_t/late/so2t_l_s_132.jpg;Late;0.0;0.002;0.999;Late
datasets/so2_t/late/so2t_l_s_159.jpg;Late;0.0;0.001;0.999;Late
datasets/so2_t/late/so2t_l_s_086.jpg;Late;0.0;0.0;1.0;Late
datasets/so2_t/late/so2t_l_s_079.jpg;Late;0.0;0.0;1.0;Late
datasets/so2_t/late/so2t_l_s_062.jpg;Late;0.0;0.001;0.999;Late
datasets/so2_t/late/so2t_l_s_010.jpg;Late;0.001;0.0;0.998;Late
datasets/so2_t/late/so2t_l_s_098.jpg;Late;0.0;0.0;1.0;Late
datasets/so2_t/late/so2t_l_s_177.jpg;Late;0.0;0.0;0.999;Late
datasets/so2_t/late/so2t_l_s_009.jpg;Late;0.0;0.0;1.0;Late
datasets/so2_t/late/so2t_l_s_041.jpg;Late;0.0;0.0;0.999;Late
datasets/so2_t/late/so2t_l_b_014.jpg;Late;0.0;0.0;1.0;Late
datasets/so2_t/late/so2t_l_s_126.jpg;Late;0.0;0.0;1.0;Late
datasets/so2_t/late/so2t_l_s_109.jpg;Late;0.001;0.0;0.999;Late
datasets/so2_t/late/so2t_l_s_052.jpg;Late;0.0;0.0;1.0;Late
datasets/so2_t/late/so2t_l_s_108.jpg;Late;0.0;0.004;0.995;Late
datasets/so2_t/late/so2t_l_s_127.jpg;Late;0.0;0.0;1.0;Late
datasets/so2_t/late/so2t_l_s_099.jpg;Late;0.0;0.001;0.997;Late
datasets/so2_t/late/so2t_l_s_162.jpg;Late;0.0;0.0;0.999;Late
datasets/so2_t/late/so2t_l_s_166.jpg;Late;0.0;0.001;0.998;Late
datasets/so2_t/late/so2t_l_s_089.jpg;Late;0.0;0.0;1.0;Late
datasets/so2_t/late/so2t_l_s_110.jpg;Late;0.0;0.0;1.0;Late
datasets/so2_t/late/so2t_l_s_169.jpg;Late;0.0;0.0;1.0;Late
datasets/so2_t/late/so2t_l_s_138.jpg;Late;0.0;0.0;1.0;Late
datasets/so2_t/late/so2t_l_s_122.jpg;Late;0.0;0.002;0.999;Late
datasets/so2_t/late/so2t_l_s_011.jpg;Late;0.0;0.0;1.0;Late
datasets/so2_t/late/so2t_l_s_118.jpg;Late;0.0;0.003;0.997;Late
datasets/so2_t/late/so2t_l_s_038.jpg;Late;0.0;0.0;1.0;Late
datasets/so2_t/late/so2t_l_s_168.jpg;Late;0.008;0.005;0.986;Late
datasets/so2_t/late/so2t_l_s_069.jpg;Late;0.0;0.001;0.998;Late
datasets/so2_t/late/so2t_l_b_016.jpg;Late;0.0;0.0;1.0;Late
datasets/so2_t/late/so2t_l_s_191.jpg;Late;0.0;0.0;1.0;Late
datasets/so2_t/late/so2t_l_s_044.jpg;Late;0.0;0.0;1.0;Late
datasets/so2_t/late/so2t_l_s_036.jpg;Late;0.0;0.001;0.999;Late
datasets/so2_t/late/so2t_l_s_029.jpg;Late;0.0;0.0;1.0;Late
datasets/so2_t/late/so2t_l_s_134.jpg;Late;0.0;0.0;0.999;Late
datasets/so2_t/late/so2t_l_s_027.jpg;Late;0.0;0.0;1.0;Late
datasets/so2_t/late/so2t_l_s_185.jpg;Late;0.0;0.0;1.0;Late
datasets/so2_t/late/so2t_l_s_105.jpg;Late;0.0;0.001;0.999;Late
datasets/so2_t/late/so2t_l_s_174.jpg;Late;0.0;0.0;0.999;Late
datasets/so2_t/late/so2t_l_s_065.jpg;Late;0.0;0.0;1.0;Late
datasets/so2_t/late/so2t_l_s_075.jpg;Late;0.0;0.001;0.997;Late
datasets/so2_t/late/so2t_l_s_034.jpg;Late;0.0;0.0;1.0;Late
datasets/so2_t/late/so2t_l_s_106.jpg;Late;0.0;0.0;1.0;Late
datasets/so2_t/late/so2t_l_s_030.jpg;Late;0.0;0.0;1.0;Late
datasets/so2_t/late/IMG_20160628_162857.jpg;Late;0.0;0.0;1.0;Late
datasets/so2_t/late/so2t_l_s_148.jpg;Late;0.0;0.0;1.0;Late
datasets/so2_t/late/so2t_l_s_104.jpg;Late;0.0;0.0;1.0;Late
datasets/so2_t/late/so2t_l_s_039.jpg;Late;0.0;0.0;1.0;Late
datasets/so2_t/late/so2t_l_s_088.jpg;Late;0.0;0.0;1.0;Late
datasets/so2_t/late/so2t_l_s_076.jpg;Late;0.001;0.0;1.0;Late
datasets/so2_t/late/so2t_l_s_091.jpg;Late;0.0;0.0;0.998;Late
datasets/so2_t/late/so2t_l_s_117.jpg;Late;0.0;0.001;0.998;Late
datasets/so2_t/late/so2t_l_s_144.jpg;Late;0.0;0.0;1.0;Late
datasets/so2_t/late/so2t_l_s_165.jpg;Late;0.0;0.0;1.0;Late
datasets/so2_t/late/so2t_l_s_014.jpg;Late;0.0;0.0;1.0;Late
datasets/so2_t/late/so2t_l_s_146.jpg;Late;0.003;0.001;0.999;Late
datasets/so2_t/late/so2t_l_s_194.jpg;Late;0.0;0.001;0.999;Late
datasets/so2_t/late/so2t_l_s_161.jpg;Late;0.001;0.002;0.997;Late
datasets/so2_t/late/so2t_l_s_031.jpg;Late;0.0;0.0;1.0;Late
datasets/so2_t/late/so2t_l_s_100.jpg;Late;0.0;0.0;1.0;Late
datasets/so2_t/late/so2t_l_s_170.jpg;Late;0.0;0.001;0.999;Late
datasets/so2_t/late/so2t_l_s_135.jpg;Late;0.001;0.001;0.996;Late
datasets/so2_t/late/so2t_l_s_063.jpg;Late;0.0;0.001;1.0;Late
datasets/so2_t/late/so2t_l_s_199.jpg;Late;0.0;0.0;0.999;Late
datasets/so2_t/late/so2t_l_s_047.jpg;Late;0.0;0.0;1.0;Late
datasets/so2_t/late/so2t_l_s_051.jpg;Late;0.0;0.0;1.0;Late
datasets/so2_t/late/so2t_l_s_005.jpg;Late;0.001;0.002;0.993;Late
datasets/so2_t/late/so2t_l_s_028.jpg;Late;0.0;0.0;1.0;Late
datasets/so2_t/late/so2t_l_s_012.jpg;Late;0.0;0.0;1.0;Late
datasets/so2_t/late/so2t_l_s_096.jpg;Late;0.001;0.0;0.999;Late
datasets/so2_t/late/so2t_l_s_102.jpg;Late;0.0;0.0;1.0;Late
datasets/so2_t/late/so2t_l_s_152.jpg;Late;0.0;0.0;1.0;Late
datasets/so2_t/late/so2t_l_s_017.jpg;Late;0.0;0.0;1.0;Late
datasets/so2_t/late/so2t_l_s_156.jpg;Late;0.0;0.003;0.997;Late
datasets/so2_t/late/so2t_l_s_033.jpg;Late;0.0;0.0;1.0;Late
datasets/so2_t/late/so2t_l_s_070.jpg;Late;0.0;0.002;0.997;Late
datasets/so2_t/late/so2t_l_s_020.jpg;Late;0.0;0.0;1.0;Late
datasets/so2_t/late/so2t_l_s_002.jpg;Late;0.0;0.0;1.0;Late
datasets/so2_t/late/so2t_l_s_090.jpg;Late;0.0;0.0;1.0;Late
datasets/so2_t/late/so2t_l_s_101.jpg;Late;0.0;0.001;0.999;Late
datasets/so2_t/late/so2t_l_s_182.jpg;Late;0.0;0.001;0.999;Late
datasets/so2_t/late/so2t_l_s_130.jpg;Late;0.001;0.0;0.999;Late
datasets/so2_t/late/so2t_l_s_077.jpg;Late;0.0;0.0;1.0;Late
datasets/so2_t/late/so2t_l_s_053.jpg;Late;0.0;0.0;1.0;Late
datasets/so2_t/late/so2t_l_s_167.jpg;Late;0.0;0.0;1.0;Late
datasets/so2_t/late/so2t_l_s_147.jpg;Late;0.0;0.0;1.0;Late
datasets/so2_t/late/so2t_l_b_009.jpg;Late;0.0;0.0;1.0;Late
datasets/so2_t/late/so2t_l_s_043.jpg;Late;0.0;0.0;1.0;Late
datasets/so2_t/late/so2t_l_s_015.jpg;Late;0.0;0.0;0.999;Late
datasets/so2_t/late/so2t_l_s_129.jpg;Late;0.0;0.0;0.999;Late
datasets/so2_t/late/so2t_l_s_056.jpg;Late;0.0;0.001;1.0;Late
datasets/so2_t/late/so2t_l_s_116.jpg;Late;0.005;0.001;0.999;Late
datasets/so2_t/late/0177.jpg;Late;0.0;0.0;1.0;Late
datasets/so2_t/late/so2t_l_s_153.jpg;Late;0.0;0.0;0.999;Late
datasets/so2_t/late/so2t_l_s_082.jpg;Late;0.0;0.0;1.0;Late
datasets/so2_t/late/so2t_l_s_192.jpg;Late;0.0;0.0;1.0;Late
datasets/so2_t/late/so2t_l_s_022.jpg;Late;0.0;0.0;1.0;Late
datasets/so2_t/late/so2t_l_s_042.jpg;Late;0.0;0.0;1.0;Late
datasets/so2_t/late/so2t_l_s_007.jpg;Late;0.0;0.0;1.0;Late
datasets/so2_t/late/so2t_l_s_137.jpg;Late;0.0;0.001;0.999;Late
datasets/so2_t/late/so2t_l_s_035.jpg;Late;0.0;0.001;0.999;Late
datasets/so2_t/late/so2t_l_s_195.jpg;Late;0.0;0.0;1.0;Late
datasets/so2_t/late/so2t_l_s_113.jpg;Late;0.0;0.0;1.0;Late
datasets/so2_t/late/so2t_l_s_115.jpg;Late;0.0;0.001;1.0;Late
datasets/so2_t/late/so2t_l_b_011.jpg;Late;0.0;0.0;1.0;Late
datasets/so2_t/late/so2t_l_s_160.jpg;Late;0.0;0.0;0.999;Late
datasets/so2_t/late/IMG_20160628_162859.jpg;Late;0.0;0.0;1.0;Late
datasets/so2_t/late/so2t_l_s_023.jpg;Late;0.0;0.0;1.0;Late
datasets/so2_t/late/so2t_l_s_083.jpg;Late;0.0;0.0;0.999;Late
datasets/so2_t/late/so2t_l_s_050.jpg;Late;0.0;0.0;1.0;Late
datasets/so2_t/late/so2t_l_s_200.jpg;Late;0.0;0.002;0.998;Late
datasets/so2_t/late/so2t_l_b_001.jpg;Late;0.0;0.0;1.0;Late
datasets/so2_t/late/so2t_l_s_141.jpg;Late;0.0;0.0;1.0;Late
datasets/so2_t/late/so2t_l_s_078.jpg;Late;0.0;0.0;1.0;Late
datasets/so2_t/late/so2t_l_s_040.jpg;Late;0.0;0.0;1.0;Late
datasets/so2_t/late/so2t_l_s_084.jpg;Late;0.0;0.0;1.0;Late
datasets/so2_t/late/so2t_l_s_071.jpg;Late;0.0;0.001;1.0;Late
datasets/so2_t/late/so2t_l_s_048.jpg;Late;0.0;0.0;0.999;Late
datasets/so2_t/late/so2t_l_s_143.jpg;Late;0.0;0.001;0.999;Late
datasets/so2_t/late/so2t_l_s_121.jpg;Late;0.0;0.0;1.0;Late
datasets/so2_t/late/so2t_l_s_171.jpg;Late;0.0;0.0;1.0;Late
datasets/so2_t/late/so2t_l_s_179.jpg;Late;0.0;0.0;1.0;Late
datasets/so2_t/late/so2t_l_s_057.jpg;Late;0.0;0.0;1.0;Late
datasets/so2_t/late/so2t_l_b_015.jpg;Late;0.0;0.0;1.0;Late
datasets/so2_t/late/so2t_l_s_097.jpg;Late;0.001;0.001;0.999;Late
datasets/so2_t/late/so2t_l_s_059.jpg;Late;0.0;0.0;1.0;Late
datasets/so2_t/late/so2t_l_s_140.jpg;Late;0.0;0.0;1.0;Late
datasets/so2_t/late/so2t_l_s_107.jpg;Late;0.0;0.0;0.999;Late
datasets/so2_t/late/so2t_l_s_176.jpg;Late;0.0;0.003;0.998;Late
datasets/so2_t/late/so2t_l_s_196.jpg;Late;0.0;0.001;0.999;Late
datasets/so2_t/late/so2t_l_s_112.jpg;Late;0.0;0.0;1.0;Late
datasets/so2_t/late/so2t_l_s_060.jpg;Late;0.0;0.0;1.0;Late
datasets/so2_t/late/so2t_l_s_024.jpg;Late;0.0;0.0;1.0;Late
datasets/so2_t/late/so2t_l_s_067.jpg;Late;0.001;0.001;0.997;Late
datasets/so2_t/late/so2t_l_b_008.jpg;Late;0.0;0.0;1.0;Late
datasets/so2_t/late/so2t_l_s_074.jpg;Late;0.0;0.001;1.0;Late
datasets/so2_t/late/so2t_l_s_085.jpg;Late;0.0;0.0;1.0;Late
datasets/so2_t/late/so2t_l_s_139.jpg;Late;0.0;0.002;0.998;Late
datasets/so2_t/late/so2t_l_s_064.jpg;Late;0.0;0.0;1.0;Late
datasets/so2_t/late/so2t_l_s_054.jpg;Late;0.0;0.0;1.0;Late
datasets/so2_t/late/so2t_l_s_155.jpg;Late;0.0;0.001;0.997;Late
datasets/so2_t/late/so2t_l_s_049.jpg;Late;0.0;0.0;1.0;Late
datasets/so2_t/late/0122.jpg;Late;0.0;0.0;0.999;Late
datasets/so2_t/late/so2t_l_s_019.jpg;Late;0.0;0.0;1.0;Late
datasets/so2_t/late/so2t_l_s_094.jpg;Late;0.0;0.0;1.0;Late
datasets/so2_t/late/so2t_l_s_111.jpg;Late;0.0;0.0;1.0;Late
datasets/so2_t/late/so2t_l_s_004.jpg;Late;0.0;0.0;1.0;Late
datasets/so2_t/late/so2t_l_s_073.jpg;Late;0.0;0.0;1.0;Late
datasets/so2_t/late/so2t_l_s_172.jpg;Late;0.005;0.004;0.999;Late
datasets/so2_t/late/so2t_l_s_124.jpg;Late;0.0;0.0;1.0;Late
datasets/so2_t/late/so2t_l_s_151.jpg;Late;0.0;0.002;0.999;Late
datasets/so2_t/late/so2t_l_s_163.jpg;Late;0.0;0.002;0.998;Late
datasets/so2_t/late/so2t_l_b_007.jpg;Late;0.0;0.0;1.0;Late
datasets/so2_t/late/so2t_l_s_187.jpg;Late;0.0;0.001;0.999;Late
datasets/so2_t/late/so2t_l_s_173.jpg;Late;0.0;0.0;1.0;Late
datasets/so2_t/late/so2t_l_s_018.jpg;Late;0.0;0.0;1.0;Late
datasets/so2_t/late/so2t_l_s_128.jpg;Late;0.0;0.0;1.0;Late
datasets/so2_t/late/so2t_l_s_058.jpg;Late;0.0;0.0;1.0;Late
datasets/so2_t/late/so2t_l_s_157.jpg;Late;0.0;0.0;0.998;Late
datasets/so2_t/late/so2t_l_s_178.jpg;Late;0.0;0.001;0.999;Late
datasets/so2_t/late/so2t_l_s_136.jpg;Late;0.0;0.0;1.0;Late
datasets/so2_t/late/so2t_l_b_005.jpg;Late;0.0;0.0;1.0;Late
datasets/so2_t/late/so2t_l_s_150.jpg;Late;0.0;0.002;0.999;Late
datasets/so2_t/late/so2t_l_s_021.jpg;Late;0.0;0.0;1.0;Late
datasets/so2_t/late/IMG_20160628_163948.jpg;Late;0.0;0.0;1.0;Late
datasets/so2_t/late/so2t_l_s_180.jpg;Late;0.0;0.001;0.999;Late
datasets/so2_t/late/so2t_l_s_164.jpg;Late;0.0;0.0;1.0;Late
datasets/so2_t/late/so2t_l_b_010.jpg;Late;0.0;0.0;1.0;Late
datasets/so2_t/late/so2t_l_s_154.jpg;Late;0.0;0.004;0.998;Late
datasets/so2_t/late/so2t_l_s_198.jpg;Late;0.0;0.001;0.998;Late
datasets/so2_t/late/so2t_l_s_133.jpg;Late;0.0;0.0;0.999;Late
datasets/so2_t/late/so2t_l_s_087.jpg;Late;0.0;0.0;0.999;Late
datasets/so2_t/late/so2t_l_s_103.jpg;Late;0.0;0.0;0.998;Late
datasets/so2_t/late/so2t_l_s_046.jpg;Late;0.0;0.0;1.0;Late
datasets/so2_t/late/so2t_l_s_184.jpg;Late;0.0;0.001;0.999;Late
datasets/so2_t/late/so2t_l_s_001.jpg;Late;0.0;0.0;1.0;Late
datasets/so2_t/late/so2t_l_s_197.jpg;Late;0.0;0.0;1.0;Late
datasets/so2_t/late/so2t_l_s_149.jpg;Late;0.0;0.0;0.999;Late
datasets/so2_t/late/so2t_l_s_181.jpg;Late;0.001;0.001;0.998;Late
datasets/so2_t/late/so2t_l_s_008.jpg;Late;0.0;0.0;1.0;Late
datasets/so2_t/late/so2t_l_s_025.jpg;Late;0.0;0.0;1.0;Late
datasets/so2_t/late/so2t_l_s_123.jpg;Late;0.0;0.001;0.998;Late
datasets/so2_t/late/so2t_l_s_013.jpg;Late;0.0;0.0;1.0;Late
datasets/so2_t/late/so2t_l_s_093.jpg;Late;0.0;0.0;1.0;Late
